Número da NF-e;Série;Tipo NF-e;CNPJ do Fornecedor;Inscrição Estadual Fornecedor;Razão Social Fornecedor;Endereço Fornecedor;Bairro Fornecedor;CEP Fornecedor;Município Fornecedor;UF Fornecedor;CNPJ do Destinatário;Inscrição Estadual Destinatário;Razão Social Destinatário;Endereço Destinatário;Bairro Destinatário;CEP Destinatário;Município Destinatário;UF Destinatário;Situação;Emissor;Data e Hora da Emissão;Data e Hora da Saída;Data e Hora da Autorização;Razão do Cancelamento;Código de Cancelamento;Tipo Manifestação;Data/Hora Manifestação;Cnpj Transportadora;Razão Social Transportadora;Endereço Transportadora;Município Transportadora;UF Transportadora;Tipo Frete;Código ANTT;Quantidade;Espécie;Marca;Numeração do Volume;Total;Base Calculo ICMS;Total ICMS;Total ICMS Deson.;Total FCP;Total FCP UF Dest.;Total ICMS UF Dest.;Total ICMS UF Remet.;Base de Cálculo ICMS ST;Total ICMS ST;Total FCP ST;Total FCP ST Ret;Total Frete;Total Seguro;Total Desconto;Total II;Total IPI;Total IPI Devolvido;Total PIS;Total COFINS;Total Outras Despesas;Vl. Aprox. Tot. Trib.;Placa;UF;Informações Adicionais do Fisco;Data Consulta
55123;1;1;12.345.678/0001-09;123456789;SÓLIDA CONSTRUÇÕES LTDA;ROD BR 324;HUMILDES;44000000;FEIRA DE SANTANA;BA;45.007.375/0001-11;65862682;ORIGEM PRIMA EIRELI;FEIRA DE SANTANA, .;FEIRA DE SANTANA;44002024;FEIRA DE SANTANA;BA;Autorizado;Marcos;44927,75258;44927,75258;44927,75384;;;Ciência da Operação;44927,80137;;;;;;;;1;MATÉRIA PRIMA;OM;;36280;6347,19;761,66;0;0;;;;0;0;0;0;0;0;0;0;0;0;0;0;0;;;;;45286,29764"
55124;1;1;12.345.678/0001-10;123456789;SÓLIDA CONSTRUÇÕES LTDA;ROD BR 324;HUMILDES;44000000;FEIRA DE SANTANA;BA;45.007.375/0001-11;88594138;CONECTAR MATERIAIS S.A.;FEIRA DE SANTANA, .;FEIRA DE SANTANA;44002024;FEIRA DE SANTANA;BA;Cancelado;Marcos;44927,75384;;;;4;Ciência da Operação;44927,80137;;;;;;;;1;MATÉRIA PRIMA;CM;;31000;5423,45;650,81;0;0;;;;0;0;0;0;0;0;0;0;0;0;0;0;0;;;;;45286,29764"
55125;1;1;12.345.678/0001-11;123456789;SÓLIDA CONSTRUÇÕES LTDA;ROD BR 324;HUMILDES;44000000;FEIRA DE SANTANA;BA;45.007.375/0001-11;12316271;ESSENCIAL MATERIAIS LTDA;FEIRA DE SANTANA, .;FEIRA DE SANTANA;44002024;FEIRA DE SANTANA;BA;Autorizado;Marcos;44928,70804;44928,70804;44928,70963;;;Ciência da Operação;44928,74933;;;;;;;;1;MATÉRIA PRIMA;EM;;35140;6147,74;737,73;0;0;;;;0;0;0;0;0;0;0;0;0;0;0;0;0;;;;;45286,29764"
55126;1;1;12.345.678/0001-12;123456789;SÓLIDA CONSTRUÇÕES LTDA;ROD BR 324;HUMILDES;44000000;FEIRA DE SANTANA;BA;45.007.375/0001-11;88594138;CONECTAR MATERIAIS S.A.;FEIRA DE SANTANA, .;FEIRA DE SANTANA;44002024;FEIRA DE SANTANA;BA;Cancelado;João;44928,7102;;;;5;Ciência da Operação;44928,74934;;;;;;;;1;MATÉRIA PRIMA;CM;;36000;6298,2;755,78;0;0;;;;0;0;0;0;0;0;0;0;0;0;0;0;0;;;;;45286,29764"
55127;1;1;12.345.678/0001-13;123456789;SÓLIDA CONSTRUÇÕES LTDA;ROD BR 324;HUMILDES;44000000;FEIRA DE SANTANA;BA;45.007.375/0001-11;88594138;CONECTAR MATERIAIS S.A.;FEIRA DE SANTANA, .;FEIRA DE SANTANA;44002024;FEIRA DE SANTANA;BA;Autorizado;Marcos;44929,70679;44929,70679;44929,70803;;;Ciência da Operação;44929,74933;;;;;;;;1;MATÉRIA PRIMA;CM;;37860;6623,61;794,83;0;0;;;;0;0;0;0;0;0;0;0;0;0;0;0;0;;;;;45286,29764"
55128;1;1;12.345.678/0001-14;123456789;SÓLIDA CONSTRUÇÕES LTDA;ROD BR 324;HUMILDES;44000000;FEIRA DE SANTANA;BA;45.007.375/0001-11;83976560;INSUMO IDEAL LTDA;FEIRA DE SANTANA, .;FEIRA DE SANTANA;44002024;FEIRA DE SANTANA;BA;Autorizado;Maria;44929,70808;44929,70808;44929,70913;;;Ciência da Operação;44929,74933;;;;;;;;1;MATÉRIA PRIMA;II;;32000;5598,4;671,81;0;0;;;;0;0;0;0;0;0;0;0;0;0;0;0;0;;;;;45286,29764"
55129;1;1;12.345.678/0001-15;123456789;SÓLIDA CONSTRUÇÕES LTDA;ROD BR 324;HUMILDES;44000000;FEIRA DE SANTANA;BA;45.007.375/0001-11;83976560;INSUMO IDEAL LTDA;FEIRA DE SANTANA, .;FEIRA DE SANTANA;44002024;FEIRA DE SANTANA;BA;Autorizado;João;44958,31517;44958,31517;44958,3161;;;Ciência da Operação;44958,33264;;;;;;;;1;MATÉRIA PRIMA;II;;47660;8338,12;1000,57;0;0;;;;0;0;0;0;0;0;0;0;0;0;0;0;0;;;;;45286,29764"
55130;1;1;12.345.678/0001-16;123456789;SÓLIDA CONSTRUÇÕES LTDA;ROD BR 324;HUMILDES;44000000;FEIRA DE SANTANA;BA;45.007.375/0001-11;83976560;INSUMO IDEAL LTDA;FEIRA DE SANTANA, .;FEIRA DE SANTANA;44002024;FEIRA DE SANTANA;BA;Cancelado;João;44958,31679;;;;3;Ciência da Operação;44958,33264;;;;;;;;1;MATÉRIA PRIMA;II;;28000;4898,6;587,83;0;0;;;;0;0;0;0;0;0;0;0;0;0;0;0;0;;;;;45286,29764"
55131;1;1;12.345.678/0001-17;123456789;SÓLIDA CONSTRUÇÕES LTDA;ROD BR 324;HUMILDES;44000000;FEIRA DE SANTANA;BA;45.007.375/0001-11;65862682;ORIGEM PRIMA EIRELI;FEIRA DE SANTANA, .;FEIRA DE SANTANA;44002024;FEIRA DE SANTANA;BA;Autorizado;Marcos;44959,30792;44959,30792;44959,30884;;;Ciência da Operação;44959,32917;;;;;;;;1;MATÉRIA PRIMA;OM;;47200;8257,64;990,92;0;0;;;;0;0;0;0;0;0;0;0;0;0;0;0;0;;;;;45286,29764"
55132;1;1;12.345.678/0001-18;123456789;SÓLIDA CONSTRUÇÕES LTDA;ROD BR 324;HUMILDES;44000000;FEIRA DE SANTANA;BA;45.007.375/0001-11;88594138;CONECTAR MATERIAIS S.A.;FEIRA DE SANTANA, .;FEIRA DE SANTANA;44002024;FEIRA DE SANTANA;BA;Cancelado;Marcos;44959,30903;;;;5;Ciência da Operação;44959,32917;;;;;;;;1;MATÉRIA PRIMA;CM;;28000;4898,6;587,83;0;0;;;;0;0;0;0;0;0;0;0;0;0;0;0;0;;;;;45286,29764"
55133;1;1;12.345.678/0001-19;123456789;SÓLIDA CONSTRUÇÕES LTDA;ROD BR 324;HUMILDES;44000000;FEIRA DE SANTANA;BA;45.007.375/0001-11;12316271;ESSENCIAL MATERIAIS LTDA;FEIRA DE SANTANA, .;FEIRA DE SANTANA;44002024;FEIRA DE SANTANA;BA;Autorizado;Marcos;44960,56953;44960,56953;44960,57285;;;Ciência da Operação;44960,64566;;;;;;;;1;MATÉRIA PRIMA;EM;;48020;8401,1;1008,13;0;0;;;;0;0;0;0;0;0;0;0;0;0;0;0;0;;;;;45286,29764"
55134;1;1;12.345.678/0001-20;123456789;SÓLIDA CONSTRUÇÕES LTDA;ROD BR 324;HUMILDES;44000000;FEIRA DE SANTANA;BA;45.007.375/0001-11;83976560;INSUMO IDEAL LTDA;FEIRA DE SANTANA, .;FEIRA DE SANTANA;44002024;FEIRA DE SANTANA;BA;Autorizado;Maria;44960,57628;44960,57628;44960,57784;;;Ciência da Operação;44960,64563;;;;;;;;1;MATÉRIA PRIMA;II;;35880;6277,21;753,27;0;0;;;;0;0;0;0;0;0;0;0;0;0;0;0;0;;;;;45286,29764"
55135;1;1;12.345.678/0001-21;123456789;SÓLIDA CONSTRUÇÕES LTDA;ROD BR 324;HUMILDES;44000000;FEIRA DE SANTANA;BA;45.007.375/0001-11;83976560;INSUMO IDEAL LTDA;FEIRA DE SANTANA, .;FEIRA DE SANTANA;44002024;FEIRA DE SANTANA;BA;Autorizado;João;44986,59525;44986,59525;44986,59637;;;Ciência da Operação;44986,64549;;;;;;;;1;MATÉRIA PRIMA;II;;35040;6130,25;735,63;0;0;;;;0;0;0;0;0;0;0;0;0;0;0;0;0;;;;;45286,29764"
55136;1;1;12.345.678/0001-22;123456789;SÓLIDA CONSTRUÇÕES LTDA;ROD BR 324;HUMILDES;44000000;FEIRA DE SANTANA;BA;45.007.375/0001-11;65862682;ORIGEM PRIMA EIRELI;FEIRA DE SANTANA, .;FEIRA DE SANTANA;44002024;FEIRA DE SANTANA;BA;Autorizado;Marcos;44986,57263;44986,57263;44986,57372;;;Ciência da Operação;44986,64566;;;;;;;;1;MATÉRIA PRIMA;OM;;43000;7522,85;902,74;0;0;;;;0;0;0;0;0;0;0;0;0;0;0;0;0;;;;;45286,29764"
55137;1;1;12.345.678/0001-23;123456789;SÓLIDA CONSTRUÇÕES LTDA;ROD BR 324;HUMILDES;44000000;FEIRA DE SANTANA;BA;32.895.047/0001-57;65862682;ORIGEM PRIMA EIRELI;FEIRA DE SANTANA, .;FEIRA DE SANTANA;44002024;FEIRA DE SANTANA;BA;Autorizado;João;44987,59692;44987,59692;44987,59778;;;Ciência da Operação;44987,64563;;;;;;;;1;MATÉRIA PRIMA;OM;;30000;5248,5;629,82;0;0;;;;0;0;0;0;0;0;0;0;0;0;0;0;0;;;;;45286,29764"
55138;1;1;12.345.678/0001-24;123456789;SÓLIDA CONSTRUÇÕES LTDA;ROD BR 324;HUMILDES;44000000;FEIRA DE SANTANA;BA;36.286.852/0001-34;65862682;ORIGEM PRIMA EIRELI;FEIRA DE SANTANA, .;FEIRA DE SANTANA;44002024;FEIRA DE SANTANA;BA;Cancelado;João;44987,57806;;;;3;Ciência da Operação;44987,64549;;;;;;;;1;MATÉRIA PRIMA;OM;;29000;5073,55;608,83;0;0;;;;0;0;0;0;0;0;0;0;0;0;0;0;0;;;;;45286,29764"
55139;1;1;12.345.678/0001-25;123456789;SÓLIDA CONSTRUÇÕES LTDA;ROD BR 324;HUMILDES;44000000;FEIRA DE SANTANA;BA;32.895.047/0001-57;65862682;ORIGEM PRIMA EIRELI;FEIRA DE SANTANA, .;FEIRA DE SANTANA;44002024;FEIRA DE SANTANA;BA;Autorizado;Marcos;44988,49558;44988,49558;44988,497;;;Ciência da Operação;44988,59344;;;;;;;;1;MATÉRIA PRIMA;OM;;47660;8338,12;1000,57;0;0;;;;0;0;0;0;0;0;0;0;0;0;0;0;0;;;;;45286,29764"
55140;1;1;12.345.678/0001-26;123456789;SÓLIDA CONSTRUÇÕES LTDA;ROD BR 324;HUMILDES;44000000;FEIRA DE SANTANA;BA;32.895.047/0001-57;88594138;CONECTAR MATERIAIS S.A.;FEIRA DE SANTANA, .;FEIRA DE SANTANA;44002024;FEIRA DE SANTANA;BA;Autorizado;Maria;44988,47412;44988,47412;44988,47642;;;Ciência da Operação;44988,59344;;;;;;;;1;MATÉRIA PRIMA;CM;;36720;6424,16;770,9;0;0;;;;0;0;0;0;0;0;0;0;0;0;0;0;0;;;;;45286,29764"
55141;1;1;12.345.678/0001-27;123456789;SÓLIDA CONSTRUÇÕES LTDA;ROD BR 324;HUMILDES;44000000;FEIRA DE SANTANA;BA;88.639.777/0001-41;12316271;ESSENCIAL MATERIAIS LTDA;FEIRA DE SANTANA, .;FEIRA DE SANTANA;44002024;FEIRA DE SANTANA;BA;Cancelado;João;45017,49692;;;;1;Ciência da Operação;45017,59344;;;;;;;;1;MATÉRIA PRIMA;EM;;38000;6648,1;797,77;0;0;;;;0;0;0;0;0;0;0;0;0;0;0;0;0;;;;;45286,29764"
55142;1;1;12.345.678/0001-28;123456789;SÓLIDA CONSTRUÇÕES LTDA;ROD BR 324;HUMILDES;44000000;FEIRA DE SANTANA;BA;88.639.777/0001-41;83976560;INSUMO IDEAL LTDA;FEIRA DE SANTANA, .;FEIRA DE SANTANA;44002024;FEIRA DE SANTANA;BA;Autorizado;João;45017,47809;45017,47809;45017,47904;;;Ciência da Operação;45017,59344;;;;;;;;1;MATÉRIA PRIMA;II;;26000;4548,7;545,84;0;0;;;;0;0;0;0;0;0;0;0;0;0;0;0;0;;;;;45286,29764"
55143;1;1;12.345.678/0001-29;123456790;SÓLIDA CONSTRUÇÕES LTDA;ROD BR 324;HUMILDES;44000001;FEIRA DE SANTANA;BA;88.639.777/0001-41;65862682;ORIGEM PRIMA EIRELI;FEIRA DE SANTANA, .;FEIRA DE SANTANA;44002025;FEIRA DE SANTANA;BA;Cancelado;João;45018,69155;;;;3;Ciência da Operação;45018,43369;;;;;;;;1;MATÉRIA PRIMA;OM;;47040;8229,65;987,56;0;0;;;;0;0;0;0;0;0;0;0;0;0;0;0;0;;;;;45286,29764"
55144;1;1;12.345.678/0001-30;123456791;SÓLIDA CONSTRUÇÕES LTDA;ROD BR 324;HUMILDES;44000002;FEIRA DE SANTANA;BA;45.007.375/0001-11;12316271;ESSENCIAL MATERIAIS LTDA;FEIRA DE SANTANA, .;FEIRA DE SANTANA;44002026;FEIRA DE SANTANA;BA;Cancelado;Maria;45018,75638;;;;1;Ciência da Operação;45018,43367;;;;;;;;1;MATÉRIA PRIMA;EM;;47020;8226,15;987,14;0;0;;;;0;0;0;0;0;0;0;0;0;0;0;0;0;;;;;45286,29764"
55145;1;1;12.345.678/0001-31;123456792;SÓLIDA CONSTRUÇÕES LTDA;ROD BR 324;HUMILDES;44000003;FEIRA DE SANTANA;BA;32.895.047/0001-57;88594138;CONECTAR MATERIAIS S.A.;FEIRA DE SANTANA, .;FEIRA DE SANTANA;44002027;FEIRA DE SANTANA;BA;Autorizado;João;45019,6987;45019,6987;45019,70007;;;Ciência da Operação;45019,43366;;;;;;;;1;MATÉRIA PRIMA;CM;;47160;8250,64;990,08;0;0;;;;0;0;0;0;0;0;0;0;0;0;0;0;0;;;;;45286,29764"
55146;1;1;12.345.678/0001-32;123456793;SÓLIDA CONSTRUÇÕES LTDA;ROD BR 324;HUMILDES;44000004;FEIRA DE SANTANA;BA;36.286.852/0001-34;65862682;ORIGEM PRIMA EIRELI;FEIRA DE SANTANA, .;FEIRA DE SANTANA;44002028;FEIRA DE SANTANA;BA;Autorizado;Marcos;45019,75791;45019,75791;45019,75878;;;Ciência da Operação;45019,43369;;;;;;;;1;MATÉRIA PRIMA;OM;;16000;2799,2;335,9;0;0;;;;0;0;0;0;0;0;0;0;0;0;0;0;0;;;;;45286,29764"
55147;1;1;12.345.678/0001-33;123456794;SÓLIDA CONSTRUÇÕES LTDA;ROD BR 324;HUMILDES;44000005;FEIRA DE SANTANA;BA;88.639.777/0001-41;12316271;ESSENCIAL MATERIAIS LTDA;FEIRA DE SANTANA, .;FEIRA DE SANTANA;44002029;FEIRA DE SANTANA;BA;Autorizado;João;45047,70061;45047,70061;45047,70141;;;Ciência da Operação;45047,43368;;;;;;;;1;MATÉRIA PRIMA;EM;;34000;5948,3;713,8;0;0;;;;0;0;0;0;0;0;0;0;0;0;0;0;0;;;;;45286,29764"
55148;1;1;12.345.678/0001-34;123456795;SÓLIDA CONSTRUÇÕES LTDA;ROD BR 324;HUMILDES;44000006;FEIRA DE SANTANA;BA;88.639.777/0001-41;83976560;INSUMO IDEAL LTDA;FEIRA DE SANTANA, .;FEIRA DE SANTANA;44002030;FEIRA DE SANTANA;BA;Autorizado;Marcos;45047,69419;45047,69419;45047,69519;;;Ciência da Operação;45047,43366;;;;;;;;1;MATÉRIA PRIMA;II;;38000;6648,1;797,77;0;0;;;;0;0;0;0;0;0;0;0;0;0;0;0;0;;;;;45286,29764"
55149;1;1;12.345.678/0001-35;123456796;SÓLIDA CONSTRUÇÕES LTDA;ROD BR 324;HUMILDES;44000007;FEIRA DE SANTANA;BA;45.007.375/0001-11;12316271;ESSENCIAL MATERIAIS LTDA;FEIRA DE SANTANA, .;FEIRA DE SANTANA;44002031;FEIRA DE SANTANA;BA;Cancelado;Maria;45048,66852;;;;5;Ciência da Operação;45048,69789;;;;;;;;1;MATÉRIA PRIMA;EM;;7000;1224,65;146,96;0;0;;;;0;0;0;0;0;0;0;0;0;0;0;0;0;;;;;45286,29764"
55150;1;1;12.345.678/0001-36;123456797;SÓLIDA CONSTRUÇÕES LTDA;ROD BR 324;HUMILDES;44000008;FEIRA DE SANTANA;BA;45.007.375/0001-11;88594138;CONECTAR MATERIAIS S.A.;FEIRA DE SANTANA, .;FEIRA DE SANTANA;44002032;FEIRA DE SANTANA;BA;Autorizado;Marcos;45048,66683;45048,66683;45048,66845;;;Ciência da Operação;45048,69442;;;;;;;;1;MATÉRIA PRIMA;CM;;47360;8285,63;994,28;0;0;;;;0;0;0;0;0;0;0;0;0;0;0;0;0;;;;;45286,29764"
55151;1;1;12.345.678/0001-37;123456798;SÓLIDA CONSTRUÇÕES LTDA;ROD BR 324;HUMILDES;44000009;FEIRA DE SANTANA;BA;45.007.375/0001-11;12316271;ESSENCIAL MATERIAIS LTDA;FEIRA DE SANTANA, .;FEIRA DE SANTANA;44002033;FEIRA DE SANTANA;BA;Autorizado;Marcos;45049,66215;45049,66215;45049,66302;;;Ciência da Operação;45049,69134;;;;;;;;1;MATÉRIA PRIMA;EM;;31000;5423,45;650,81;0;0;;;;0;0;0;0;0;0;0;0;0;0;0;0;0;;;;;45286,29764"
55152;1;1;12.345.678/0001-38;123456799;SÓLIDA CONSTRUÇÕES LTDA;ROD BR 324;HUMILDES;44000010;FEIRA DE SANTANA;BA;45.007.375/0001-11;12316271;ESSENCIAL MATERIAIS LTDA;FEIRA DE SANTANA, .;FEIRA DE SANTANA;44002034;FEIRA DE SANTANA;BA;Autorizado;João;45049,65953;45049,65953;45049,6619;;;Ciência da Operação;45049,69132;;;;;;;;1;MATÉRIA PRIMA;EM;;36500;6385,68;766,28;0;0;;;;0;0;0;0;0;0;0;0;0;0;0;0;0;;;;;45286,29764"
55153;1;1;12.345.678/0001-39;123456800;SÓLIDA CONSTRUÇÕES LTDA;ROD BR 324;HUMILDES;44000011;FEIRA DE SANTANA;BA;32.895.047/0001-57;12316271;ESSENCIAL MATERIAIS LTDA;FEIRA DE SANTANA, .;FEIRA DE SANTANA;44002035;FEIRA DE SANTANA;BA;Autorizado;Marcos;45078,65595;45078,65595;45078,65729;;;Ciência da Operação;45078,68716;;;;;;;;1;MATÉRIA PRIMA;EM;;50460;8827,98;1059,36;0;0;;;;0;0;0;0;0;0;0;0;0;0;0;0;0;;;;;45286,29764"
5154;1;1;12.345.678/0001-40;123456801;SÓLIDA CONSTRUÇÕES LTDA;ROD BR 324;HUMILDES;44000012;FEIRA DE SANTANA;BA;36.286.852/0001-34;88594138;CONECTAR MATERIAIS S.A.;FEIRA DE SANTANA, .;FEIRA DE SANTANA;44002036;FEIRA DE SANTANA;BA;Autorizado;Marcos;45078,63595;45078,63595;45078,63689;;;Ciência da Operação;45078,684;;;;;;;;1;MATÉRIA PRIMA;CM;;23000;4023,85;482,86;0;0;;;;0;0;0;0;0;0;0;0;0;0;0;0;0;;;;;45286,29764"
55155;1;1;12.345.678/0001-41;123456802;SÓLIDA CONSTRUÇÕES LTDA;ROD BR 324;HUMILDES;44000013;FEIRA DE SANTANA;BA;88.639.777/0001-41;83976560;INSUMO IDEAL LTDA;FEIRA DE SANTANA, .;FEIRA DE SANTANA;44002037;FEIRA DE SANTANA;BA;Cancelado;João;45079,6317;;;;1;Ciência da Operação;45079,684;;;;;;;;1;MATÉRIA PRIMA;II;;49700;8695,02;1043,4;0;0;;;;0;0;0;0;0;0;0;0;0;0;0;0;0;;;;;45286,29764"
55156;1;1;12.345.678/0001-42;123456803;SÓLIDA CONSTRUÇÕES LTDA;ROD BR 324;HUMILDES;44000014;FEIRA DE SANTANA;BA;45.007.375/0001-11;83976560;INSUMO IDEAL LTDA;FEIRA DE SANTANA, .;FEIRA DE SANTANA;44002038;FEIRA DE SANTANA;BA;Cancelado;João;45079,62558;;;;4;Ciência da Operação;45079,68372;;;;;;;;1;MATÉRIA PRIMA;II;;50260;8792,99;1055,16;0;0;;;;0;0;0;0;0;0;0;0;0;0;0;0;0;;;;;45286,29764"
55157;1;1;12.345.678/0001-43;123456804;SÓLIDA CONSTRUÇÕES LTDA;ROD BR 324;HUMILDES;44000015;FEIRA DE SANTANA;BA;36.286.852/0001-34;88594138;CONECTAR MATERIAIS S.A.;FEIRA DE SANTANA, .;FEIRA DE SANTANA;44002039;FEIRA DE SANTANA;BA;Autorizado;João;45080,62235;45080,62235;45080,62235;;;Ciência da Operação;45080,68372;;;;;;;;1;MATÉRIA PRIMA;CM;;50000;8747,5;1049,7;0;0;;;;0;0;0;0;0;0;0;0;0;0;0;0;0;;;;;45286,29764"
55158;1;1;12.345.678/0001-44;123456805;SÓLIDA CONSTRUÇÕES LTDA;ROD BR 324;HUMILDES;44000016;FEIRA DE SANTANA;BA;32.895.047/0001-57;12316271;ESSENCIAL MATERIAIS LTDA;FEIRA DE SANTANA, .;FEIRA DE SANTANA;44002040;FEIRA DE SANTANA;BA;Autorizado;João;45080,61981;45080,61981;45080,62242;;;Ciência da Operação;45080,68372;;;;;;;;1;MATÉRIA PRIMA;EM;;45900;8030,21;963,63;0;0;;;;0;0;0;0;0;0;0;0;0;0;0;0;0;;;;;45286,29764"
55159;1;1;12.345.678/0001-45;123456806;SÓLIDA CONSTRUÇÕES LTDA;ROD BR 324;HUMILDES;44000017;FEIRA DE SANTANA;BA;45.007.375/0001-11;83976560;INSUMO IDEAL LTDA;FEIRA DE SANTANA, .;FEIRA DE SANTANA;44002041;FEIRA DE SANTANA;BA;Cancelado;Marcos;45108,61563;;;;2;Ciência da Operação;45108,68372;;;;;;;;1;MATÉRIA PRIMA;II;;24000;17520;2102,4,86;0;0;;;;0;0;0;0;0;0;0;0;0;0;0;0;0;;;;;45286,29764"
55160;1;1;12.345.678/0001-46;123456807;SÓLIDA CONSTRUÇÕES LTDA;ROD BR 324;HUMILDES;44000018;FEIRA DE SANTANA;BA;36.286.852/0001-34;88594138;CONECTAR MATERIAIS S.A.;FEIRA DE SANTANA, .;FEIRA DE SANTANA;44002042;FEIRA DE SANTANA;BA;Autorizado;João;45108,61265;45108,61265;45108,6149;;;Ciência da Operação;45108,6837;;;;;;;;1;MATÉRIA PRIMA;CM;;37400;6543,13;785,18;0;0;;;;0;0;0;0;0;0;0;0;0;0;0;0;0;;;;;45286,29764"
55161;1;1;12.345.678/0001-47;123456808;SÓLIDA CONSTRUÇÕES LTDA;ROD BR 324;HUMILDES;44000019;FEIRA DE SANTANA;BA;88.639.777/0001-41;65862682;ORIGEM PRIMA EIRELI;FEIRA DE SANTANA, .;FEIRA DE SANTANA;44002043;FEIRA DE SANTANA;BA;Autorizado;João;45109,60837;45109,60837;45109,60927;;;Ciência da Operação;45109,62814;;;;;;;;1;MATÉRIA PRIMA;OM;;38000;6648,1;797,77;0;0;;;;0;0;0;0;0;0;0;0;0;0;0;0;0;;;;;45286,29764"
55162;1;1;12.345.678/0001-48;123456809;SÓLIDA CONSTRUÇÕES LTDA;ROD BR 324;HUMILDES;44000020;FEIRA DE SANTANA;BA;36.286.852/0001-34;83976560;INSUMO IDEAL LTDA;FEIRA DE SANTANA, .;FEIRA DE SANTANA;44002044;FEIRA DE SANTANA;BA;Cancelado;Marcos;45109,60704;;;;5;Ciência da Operação;45109,62814;;;;;;;;1;MATÉRIA PRIMA;II;;47060;8233,15;987,98;0;0;;;;0;0;0;0;0;0;0;0;0;0;0;0;0;;;;;45286,29764"
55163;1;1;12.345.678/0001-49;123456810;SÓLIDA CONSTRUÇÕES LTDA;ROD BR 324;HUMILDES;44000021;FEIRA DE SANTANA;BA;32.895.047/0001-57;83976560;INSUMO IDEAL LTDA;FEIRA DE SANTANA, .;FEIRA DE SANTANA;44002045;FEIRA DE SANTANA;BA;Cancelado;João;45110,60279;45110,60279;45110,60279;;;Ciência da Operação;45110,62116;;;;;;;;1;MATÉRIA PRIMA;II;;32000;5598,4;671,81;0;0;;;;0;0;0;0;0;0;0;0;0;0;0;0;0;;;;;45286,29764"
55164;1;1;12.345.678/0001-50;123456811;SÓLIDA CONSTRUÇÕES LTDA;ROD BR 324;HUMILDES;44000022;FEIRA DE SANTANA;BA;36.286.852/0001-34;83976560;INSUMO IDEAL LTDA;FEIRA DE SANTANA, .;FEIRA DE SANTANA;44002046;FEIRA DE SANTANA;BA;Autorizado;Marcos;45110,60043;45110,60043;45110,6022;;;Ciência da Operação;45110,62116;;;;;;;;1;MATÉRIA PRIMA;II;;37900;6630,61;795,67;0;0;;;;0;0;0;0;0;0;0;0;0;0;0;0;0;;;;;45286,29764"
55165;1;1;12.345.678/0001-51;123456812;SÓLIDA CONSTRUÇÕES LTDA;ROD BR 324;HUMILDES;44000023;FEIRA DE SANTANA;BA;36.286.852/0001-34;83976560;INSUMO IDEAL LTDA;FEIRA DE SANTANA, .;FEIRA DE SANTANA;44002047;FEIRA DE SANTANA;BA;Cancelado;Marcos;45139,59468;;;;6;Ciência da Operação;45139,61421;;;;;;;;1;MATÉRIA PRIMA;II;;31000;5423,45;650,81;0;0;;;;0;0;0;0;0;0;0;0;0;0;0;0;0;;;;;45286,29764"
55166;1;1;12.345.678/0001-52;123456813;SÓLIDA CONSTRUÇÕES LTDA;ROD BR 324;HUMILDES;44000024;FEIRA DE SANTANA;BA;36.286.852/0001-34;12316271;ESSENCIAL MATERIAIS LTDA;FEIRA DE SANTANA, .;FEIRA DE SANTANA;44002048;FEIRA DE SANTANA;BA;Cancelado;Marcos;45139,59278;;;;3;Ciência da Operação;45139,61421;;;;;;;;1;MATÉRIA PRIMA;EM;;36480;6382,18;765,86;0;0;;;;0;0;0;0;0;0;0;0;0;0;0;0;0;;;;;45286,29764"
55167;1;1;12.345.678/0001-53;123456814;SÓLIDA CONSTRUÇÕES LTDA;ROD BR 324;HUMILDES;44000025;FEIRA DE SANTANA;BA;32.895.047/0001-57;88594138;CONECTAR MATERIAIS S.A.;FEIRA DE SANTANA, .;FEIRA DE SANTANA;44002049;FEIRA DE SANTANA;BA;Autorizado;João;45140,48553;45140,48553;45140,48726;;;Ciência da Operação;45140,51078;;;;;;;;1;MATÉRIA PRIMA;CM;;51060;8932,95;1071,95;0;0;;;;0;0;0;0;0;0;0;0;0;0;0;0;0;;;;;45286,29764"
55168;1;1;12.345.678/0001-54;123456815;SÓLIDA CONSTRUÇÕES LTDA;ROD BR 324;HUMILDES;44000026;FEIRA DE SANTANA;BA;88.639.777/0001-41;83976560;INSUMO IDEAL LTDA;FEIRA DE SANTANA, .;FEIRA DE SANTANA;44002050;FEIRA DE SANTANA;BA;Autorizado;João;45140,47299;45140,47299;45140,47378;;;Ciência da Operação;45140,50313;;;;;;;;1;MATÉRIA PRIMA;II;;46000;8047,7;965,72;0;0;;;;0;0;0;0;0;0;0;0;0;0;0;0;0;;;;;45286,29764"
55169;1;1;12.345.678/0001-55;123456816;SÓLIDA CONSTRUÇÕES LTDA;ROD BR 324;HUMILDES;44000027;FEIRA DE SANTANA;BA;88.639.777/0001-41;65862682;ORIGEM PRIMA EIRELI;FEIRA DE SANTANA, .;FEIRA DE SANTANA;44002051;FEIRA DE SANTANA;BA;Autorizado;Maria;45141,47209;45141,47209;45141,47309;;;Ciência da Operação;45141,50313;;;;;;;;1;MATÉRIA PRIMA;OM;;47140;8247,14;989,66;0;0;;;;0;0;0;0;0;0;0;0;0;0;0;0;0;;;;;45286,29764"
55170;1;1;12.345.678/0001-56;123456817;SÓLIDA CONSTRUÇÕES LTDA;ROD BR 324;HUMILDES;44000028;FEIRA DE SANTANA;BA;32.895.047/0001-57;12316271;ESSENCIAL MATERIAIS LTDA;FEIRA DE SANTANA, .;FEIRA DE SANTANA;44002052;FEIRA DE SANTANA;BA;Cancelado;Maria;45141,45493;;;;6;Ciência da Operação;45141,50313;;;;;;;;1;MATÉRIA PRIMA;EM;;30000;5248,5;629,82;0;0;;;;0;0;0;0;0;0;0;0;0;0;0;0;0;;;;;45286,29764"
55171;1;1;12.345.678/0001-57;123456818;SÓLIDA CONSTRUÇÕES LTDA;ROD BR 324;HUMILDES;44000029;FEIRA DE SANTANA;BA;36.286.852/0001-34;88594138;CONECTAR MATERIAIS S.A.;FEIRA DE SANTANA, .;FEIRA DE SANTANA;44002053;FEIRA DE SANTANA;BA;Cancelado;João;45170,45233;;;;3;Ciência da Operação;45170,50313;;;;;;;;1;MATÉRIA PRIMA;CM;;37500;6560,63;787,28;0;0;;;;0;0;0;0;0;0;0;0;0;0;0;0;0;;;;;45286,29764"
55172;1;1;12.345.678/0001-58;123456819;SÓLIDA CONSTRUÇÕES LTDA;ROD BR 324;HUMILDES;44000030;FEIRA DE SANTANA;BA;88.639.777/0001-41;12316271;ESSENCIAL MATERIAIS LTDA;FEIRA DE SANTANA, .;FEIRA DE SANTANA;44002054;FEIRA DE SANTANA;BA;Cancelado;João;45170,41036;;;;4;Ciência da Operação;45170,45103;;;;;;;;1;MATÉRIA PRIMA;EM;;33000;5773,35;692,8;0;0;;;;0;0;0;0;0;0;0;0;0;0;0;0;0;;;;;45286,29764"
55173;1;1;12.345.678/0001-59;123456820;SÓLIDA CONSTRUÇÕES LTDA;ROD BR 324;HUMILDES;44000031;FEIRA DE SANTANA;BA;32.895.047/0001-57;88594138;CONECTAR MATERIAIS S.A.;FEIRA DE SANTANA, .;FEIRA DE SANTANA;44002055;FEIRA DE SANTANA;BA;Cancelado;Maria;45171,40948;;;;1;Ciência da Operação;45171,45103;;;;;;;;1;MATÉRIA PRIMA;CM;;48820;8541,06;1024,93;0;0;;;;0;0;0;0;0;0;0;0;0;0;0;0;0;;;;;45286,29764"
55174;1;1;12.345.678/0001-60;123456821;SÓLIDA CONSTRUÇÕES LTDA;ROD BR 324;HUMILDES;44000032;FEIRA DE SANTANA;BA;45.007.375/0001-11;88594138;CONECTAR MATERIAIS S.A.;FEIRA DE SANTANA, .;FEIRA DE SANTANA;44002056;FEIRA DE SANTANA;BA;Autorizado;Marcos;45171,38844;45171,38844;45171,38953;;;Ciência da Operação;45171,45103;;;;;;;;1;MATÉRIA PRIMA;CM;;15000;2624,25;314,91;0;0;;;;0;0;0;0;0;0;0;0;0;0;0;0;0;;;;;45286,29764"
55175;1;1;12.345.678/0001-61;123456822;SÓLIDA CONSTRUÇÕES LTDA;ROD BR 324;HUMILDES;44000033;FEIRA DE SANTANA;BA;88.639.777/0001-41;83976560;INSUMO IDEAL LTDA;FEIRA DE SANTANA, .;FEIRA DE SANTANA;44002057;FEIRA DE SANTANA;BA;Autorizado;Maria;45172,38648;45172,38648;45172,38779;;;Ciência da Operação;45172,45103;;;;;;;;1;MATÉRIA PRIMA;II;;36120;6319,19;758,3;0;0;;;;0;0;0;0;0;0;0;0;0;0;0;0;0;;;;;45286,29764"
55176;1;1;12.345.678/0001-62;123456823;SÓLIDA CONSTRUÇÕES LTDA;ROD BR 324;HUMILDES;44000034;FEIRA DE SANTANA;BA;88.639.777/0001-41;12316271;ESSENCIAL MATERIAIS LTDA;FEIRA DE SANTANA, .;FEIRA DE SANTANA;44002058;FEIRA DE SANTANA;BA;Cancelado;Maria;45172,78726;;;;3;Ciência da Operação;45172,8538;;;;;;;;1;MATÉRIA PRIMA;EM;;48580;8499,07;1019,89;0;0;;;;0;0;0;0;0;0;0;0;0;0;0;0;0;;;;;45286,29764"
55177;1;1;12.345.678/0001-63;123456824;SÓLIDA CONSTRUÇÕES LTDA;ROD BR 324;HUMILDES;44000035;FEIRA DE SANTANA;BA;88.639.777/0001-41;83976560;INSUMO IDEAL LTDA;FEIRA DE SANTANA, .;FEIRA DE SANTANA;44002059;FEIRA DE SANTANA;BA;Cancelado;Maria;45200,79262;;;;3;Ciência da Operação;45200,8538;;;;;;;;1;MATÉRIA PRIMA;II;;48080;8411,6;1009,39;0;0;;;;0;0;0;0;0;0;0;0;0;0;0;0;0;;;;;45286,29764"
55178;1;1;12.345.678/0001-64;123456825;SÓLIDA CONSTRUÇÕES LTDA;ROD BR 324;HUMILDES;44000036;FEIRA DE SANTANA;BA;88.639.777/0001-41;88594138;CONECTAR MATERIAIS S.A.;FEIRA DE SANTANA, .;FEIRA DE SANTANA;44002060;FEIRA DE SANTANA;BA;Cancelado;João;45200,78843;;;;6;Ciência da Operação;45200,8538;;;;;;;;1;MATÉRIA PRIMA;CM;;20000;3499;419,88;0;0;;;;0;0;0;0;0;0;0;0;0;0;0;0;0;;;;;45286,29764"
55179;1;1;12.345.678/0001-65;123456826;SÓLIDA CONSTRUÇÕES LTDA;ROD BR 324;HUMILDES;44000037;FEIRA DE SANTANA;BA;36.286.852/0001-34;12316271;ESSENCIAL MATERIAIS LTDA;FEIRA DE SANTANA, .;FEIRA DE SANTANA;44002061;FEIRA DE SANTANA;BA;Cancelado;Maria;45201,79382;;;;1;Ciência da Operação;45201,8538;;;;;;;;1;MATÉRIA PRIMA;EM;;38000;6648,1;797,77;0;0;;;;0;0;0;0;0;0;0;0;0;0;0;0;0;;;;;45286,29764"
55180;1;1;12.345.678/0001-66;123456827;SÓLIDA CONSTRUÇÕES LTDA;ROD BR 324;HUMILDES;44000038;FEIRA DE SANTANA;BA;32.895.047/0001-57;83976560;INSUMO IDEAL LTDA;FEIRA DE SANTANA, .;FEIRA DE SANTANA;44002062;FEIRA DE SANTANA;BA;Cancelado;João;45201,75935;;;;3;Ciência da Operação;45201,8014;;;;;;;;1;MATÉRIA PRIMA;II;;36440;6375,18;765,02;0;0;;;;0;0;0;0;0;0;0;0;0;0;0;0;0;;;;;45286,29764"
55181;1;1;12.345.678/0001-67;123456828;SÓLIDA CONSTRUÇÕES LTDA;ROD BR 324;HUMILDES;44000039;FEIRA DE SANTANA;BA;88.639.777/0001-41;65862682;ORIGEM PRIMA EIRELI;FEIRA DE SANTANA, .;FEIRA DE SANTANA;44002063;FEIRA DE SANTANA;BA;Cancelado;Maria;45202,73186;;;;1;Ciência da Operação;45202,8014;;;;;;;;1;MATÉRIA PRIMA;OM;;36280;6347,19;761,66;0;0;;;;0;0;0;0;0;0;0;0;0;0;0;0;0;;;;;45286,29764"
55182;1;1;12.345.678/0001-68;123456829;SÓLIDA CONSTRUÇÕES LTDA;ROD BR 324;HUMILDES;44000040;FEIRA DE SANTANA;BA;45.007.375/0001-11;88594138;CONECTAR MATERIAIS S.A.;FEIRA DE SANTANA, .;FEIRA DE SANTANA;44002064;FEIRA DE SANTANA;BA;Autorizado;Maria;45202,73347;45202,73347;45202,73433;;;Ciência da Operação;45202,8014;;;;;;;;1;MATÉRIA PRIMA;CM;;32000;5598,4;671,81;0;0;;;;0;0;0;0;0;0;0;0;0;0;0;0;0;;;;;45286,29764"
55183;1;1;12.345.678/0001-69;123456830;SÓLIDA CONSTRUÇÕES LTDA;ROD BR 324;HUMILDES;44000041;FEIRA DE SANTANA;BA;36.286.852/0001-34;12316271;ESSENCIAL MATERIAIS LTDA;FEIRA DE SANTANA, .;FEIRA DE SANTANA;44002065;FEIRA DE SANTANA;BA;Autorizado;Maria;45231,76094;45231,76094;45231,76178;;;Ciência da Operação;45231,8014;;;;;;;;1;MATÉRIA PRIMA;EM;;9000;1574,55;188,95;0;0;;;;0;0;0;0;0;0;0;0;0;0;0;0;0;;;;;45286,29764"
55184;1;1;12.345.678/0001-70;123456831;SÓLIDA CONSTRUÇÕES LTDA;ROD BR 324;HUMILDES;44000042;FEIRA DE SANTANA;BA;32.895.047/0001-57;12316271;ESSENCIAL MATERIAIS LTDA;FEIRA DE SANTANA, .;FEIRA DE SANTANA;44002066;FEIRA DE SANTANA;BA;Autorizado;Marcos;45231,69245;45231,69245;45231,6938;;;Ciência da Operação;45231,74722;;;;;;;;1;MATÉRIA PRIMA;EM;;36980;6469,65;776,36;0;0;;;;0;0;0;0;0;0;0;0;0;0;0;0;0;;;;;45286,29764"
55185;1;1;12.345.678/0001-71;123456832;SÓLIDA CONSTRUÇÕES LTDA;ROD BR 324;HUMILDES;44000043;FEIRA DE SANTANA;BA;36.286.852/0001-34;65862682;ORIGEM PRIMA EIRELI;FEIRA DE SANTANA, .;FEIRA DE SANTANA;44002067;FEIRA DE SANTANA;BA;Cancelado;Marcos;45232,68586;;;;3;Ciência da Operação;45232,74722;;;;;;;;1;MATÉRIA PRIMA;OM;;35340;6182,73;741,93;0;0;;;;0;0;0;0;0;0;0;0;0;0;0;0;0;;;;;45286,29764"
55186;1;1;12.345.678/0001-72;123456833;SÓLIDA CONSTRUÇÕES LTDA;ROD BR 324;HUMILDES;44000044;FEIRA DE SANTANA;BA;32.895.047/0001-57;88594138;CONECTAR MATERIAIS S.A.;FEIRA DE SANTANA, .;FEIRA DE SANTANA;44002068;FEIRA DE SANTANA;BA;Cancelado;João;45232,69329;;;;1;Ciência da Operação;45232,74722;;;;;;;;1;MATÉRIA PRIMA;CM;;36080;6312,2;757,46;0;0;;;;0;0;0;0;0;0;0;0;0;0;0;0;0;;;;;45286,29764"
55187;1;1;12.345.678/0001-73;123456834;SÓLIDA CONSTRUÇÕES LTDA;ROD BR 324;HUMILDES;44000045;FEIRA DE SANTANA;BA;32.895.047/0001-57;88594138;CONECTAR MATERIAIS S.A.;FEIRA DE SANTANA, .;FEIRA DE SANTANA;44002069;FEIRA DE SANTANA;BA;Autorizado;Maria;45233,69542;45233,69542;45233,6965;;;Ciência da Operação;45233,74722;;;;;;;;1;MATÉRIA PRIMA;CM;;32000;5598,4;671,81;0;0;;;;0;0;0;0;0;0;0;0;0;0;0;0;0;;;;;45286,29764"
55188;1;1;12.345.678/0001-74;123456835;SÓLIDA CONSTRUÇÕES LTDA;ROD BR 324;HUMILDES;44000046;FEIRA DE SANTANA;BA;88.639.777/0001-41;12316271;ESSENCIAL MATERIAIS LTDA;FEIRA DE SANTANA, .;FEIRA DE SANTANA;44002070;FEIRA DE SANTANA;BA;Autorizado;Marcos;45233,68912;45233,68912;45233,69005;;;Ciência da Operação;45233,74722;;;;;;;;1;MATÉRIA PRIMA;EM;;30000;5248,5;629,82;0;0;;;;0;0;0;0;0;0;0;0;0;0;0;0;0;;;;;45286,29764"
55189;1;1;12.345.678/0001-75;123456836;SÓLIDA CONSTRUÇÕES LTDA;ROD BR 324;HUMILDES;44000047;FEIRA DE SANTANA;BA;36.286.852/0001-34;88594138;CONECTAR MATERIAIS S.A.;FEIRA DE SANTANA, .;FEIRA DE SANTANA;44002071;FEIRA DE SANTANA;BA;Autorizado;João;45261,69358;45261,69358;45261,69456;;;Ciência da Operação;45261,74722;;;;;;;;1;MATÉRIA PRIMA;CM;;30000;5248,5;629,82;0;0;;;;0;0;0;0;0;0;0;0;0;0;0;0;0;;;;;45286,29764"
55190;1;1;12.345.678/0001-76;123456837;SÓLIDA CONSTRUÇÕES LTDA;ROD BR 324;HUMILDES;44000048;FEIRA DE SANTANA;BA;88.639.777/0001-41;12316271;ESSENCIAL MATERIAIS LTDA;FEIRA DE SANTANA, .;FEIRA DE SANTANA;44002072;FEIRA DE SANTANA;BA;Cancelado;Marcos;45261,56307;;;;5;Ciência da Operação;45261,58331;;;;;;;;1;MATÉRIA PRIMA;EM;;36440;6375,18;765,02;0;0;;;;0;0;0;0;0;0;0;0;0;0;0;0;0;;;;;45286,29764"
55191;1;1;12.345.678/0001-77;123456838;SÓLIDA CONSTRUÇÕES LTDA;ROD BR 324;HUMILDES;44000049;FEIRA DE SANTANA;BA;32.895.047/0001-57;65862682;ORIGEM PRIMA EIRELI;FEIRA DE SANTANA, .;FEIRA DE SANTANA;44002073;FEIRA DE SANTANA;BA;Autorizado;Maria;45262,49873;45262,49873;45262,49979;;;Ciência da Operação;45262,58331;;;;;;;;1;MATÉRIA PRIMA;OM;;48500;8485,08;1018,21;0;0;;;;0;0;0;0;0;0;0;0;0;0;0;0;0;;;;;45286,29764"
55192;1;1;12.345.678/0001-78;123456839;SÓLIDA CONSTRUÇÕES LTDA;ROD BR 324;HUMILDES;44000050;FEIRA DE SANTANA;BA;36.286.852/0001-34;12316271;ESSENCIAL MATERIAIS LTDA;FEIRA DE SANTANA, .;FEIRA DE SANTANA;44002074;FEIRA DE SANTANA;BA;Autorizado;Marcos;45262,56157;45262,56157;45262,56263;;;Ciência da Operação;45262,58331;;;;;;;;1;MATÉRIA PRIMA;EM;;35640;6235,22;748,23;0;0;;;;0;0;0;0;0;0;0;0;0;0;0;0;0;;;;;45286,29764"
55193;1;1;12.345.678/0001-79;123456840;SÓLIDA CONSTRUÇÕES LTDA;ROD BR 324;HUMILDES;44000051;FEIRA DE SANTANA;BA;88.639.777/0001-41;65862682;ORIGEM PRIMA EIRELI;FEIRA DE SANTANA, .;FEIRA DE SANTANA;44002075;FEIRA DE SANTANA;BA;Autorizado;Maria;45263,56483;45263,56483;45263,56578;;;Ciência da Operação;45263,58333;;;;;;;;1;MATÉRIA PRIMA;OM;;30000;5248,5;629,82;0;0;;;;0;0;0;0;0;0;0;0;0;0;0;0;0;;;;;45286,29764"
55194;1;1;12.345.678/0001-80;123456841;SÓLIDA CONSTRUÇÕES LTDA;ROD BR 324;HUMILDES;44000052;FEIRA DE SANTANA;BA;45.007.375/0001-11;88594138;CONECTAR MATERIAIS S.A.;FEIRA DE SANTANA, .;FEIRA DE SANTANA;44002076;FEIRA DE SANTANA;BA;Cancelado;Maria;45263,56313;;;;5;Ciência da Operação;45263,58331;;;;;;;;1;MATÉRIA PRIMA;CM;;34000;5948,3;713,8;0;0;;;;0;0;0;0;0;0;0;0;0;0;0;0;0;;;;;45286,29764"